"M3GAN";""
"A man called Otto";""
"Plane";""
"House party";""
"Missing";""
"The Son";""
"When You Finish Saving the Wor";""
"Infinity Pool";""
"Knock at the Cabin";""
"80 for Brady";""
"Magic Mike's Last Dance";""
"Ant-Man and the Wasp: Quantuma";""
"Cocaine Bear";""
"Jesus Revolution";""
"Mummies";""
"Creed III";""
"Operation Fortune: Ruse de Gue";""
"Demon Slayer: Kimetsu No Yaiba";""
"Scream VI";""
"65";""
"Champions";""
"Shazam! Fury of the Gods";""
"Inside";""
"JOHN WICK: CHAPTER 4";""
"A Good Person";""
"Dungeons & Dragons: Honor Amon";""
"A Thousand and One";""
"Enys Men";""
"The Super Mario Bros. Movie";""
"Air";""
"How to Blow Up a Pipeline";""
"Renfield";""
"The Pope's Exorcist";""
"Suzume";""
"Evil Dead Rise";""
"The Covenant";""
"Beau Is Afraid";""
"Chevalier";""
"Carmen";""
"Big George Foreman";""
"Are You There God? It's Me, Ma";""
"Sisu";""
"Polite Society";""
"Guardians of the Galaxy Vol. 3";""
"Love Again";""
"Book Club: The Next Chapter";""
"Knights of the Zodiac";""
"Fast X";""
"The Little Mermaid";""
"About My Father";""
"The Machine";""
"You Hurt My Feelings";""
"Spider-Man: Across the Spider-";""
"The Boogeyman";""
"Past Lives";""
"Transformers: Rise of the Beas";""
"The Flash";""
"Elemental";""
"Asteroid City";""
"The Blackening";""
"No Hard Feelings";""
"Indiana Jones and the Dial of";""
"Ruby Gillman, Teenage Kraken";""
"Insidious: The Red Door";""
"Joy Ride";""
"Mission: Impossible - Dead Rec";""
"Psycho-Pass: Providence";""
"Theater Camp";""
"Barbie";""
"Oppenheimer";""
"Cobweb";""
"Haunted Mansion";""
"Talk to Me";""
"Teenage Mutant Ninja Turtles:";""
"Meg 2: The Trench";""
"Shortcomings";""
"The Last Voyage of the Demeter";""
"Blue Beetle";""
"Strays";""
"Landscape with Invisible Hand";""
"Gran Turismo";""
"Retribution";""
"Bottoms";""
"The Equalizer 3";""
"The Nun II";""
"My Big Fat Greek Wedding 3";""
"A Haunting in Venice";""
"Dumb Money";""
"Expend4bles";""
"It Lives Inside";""
"The Creator";""
"Saw X";""
"PAW Patrol: The Mighty Movie";""
"The Exorcist: Believer";""
"The Royal Hotel";""
"Dicks: The Musical";""
"Anatomy of a Fall";""
"Killers of the Flower Moon";""
"The Persian Version";""
"Five Nights at Freddy's";""
"The Holdovers";""
"Priscilla";""
"The Marsh King's Daughter";""
"All Dirt Roads Taste of Salt";""
"The Marvels";""
"Journey to Bethlehem";""
"Dream Scenario";""
"The Hunger Games: The Ballad o";""
"Trolls Band Together";""
"Next Goal Wins";""
"Thanksgiving";""
"Saltburn";""
"Wish";""
"Napoleon";""
"Silent Night";""
"Eileen";""
"Poor Things";""
"Origin";""
"Wonka";""
"American Fiction";""
"The Zone of Interest";""
"Aquaman and the Lost Kingdom";""
"Migration";""
"Anyone But You";""
"The Iron Claw";""
"All of Us Strangers";""
"Freud's Last Session";""
"The Color Purple";""
"The Boys in the Boat";""
"xxxxxx";""
